"common_name","sci_name","family","order"
"Cooper's Hawk","Accipiter cooperii","Accipitridae","Accipitriformes"
"Northern Goshawk","Accipiter gentilis","Accipitridae","Accipitriformes"
"Chinese Sparrowhawk","Accipiter soloensis","Accipitridae","Accipitriformes"
"Sharp-shinned Hawk","Accipiter striatus","Accipitridae","Accipitriformes"
"Golden Eagle","Aquila chrysaetos","Accipitridae","Accipitriformes"
"Zone-tailed Hawk","Buteo albonotatus","Accipitridae","Accipitriformes"
"Short-tailed Hawk","Buteo brachyurus","Accipitridae","Accipitriformes"
"Red-tailed Hawk","Buteo jamaicensis","Accipitridae","Accipitriformes"
"Rough-legged Hawk","Buteo lagopus","Accipitridae","Accipitriformes"
"Red-shouldered Hawk","Buteo lineatus","Accipitridae","Accipitriformes"
"Gray Hawk","Buteo plagiatus","Accipitridae","Accipitriformes"
"Broad-winged Hawk","Buteo platypterus","Accipitridae","Accipitriformes"
"Ferruginous Hawk","Buteo regalis","Accipitridae","Accipitriformes"
"Long-legged Buzzard","Buteo rufinus","Accipitridae","Accipitriformes"
"Hawaiian Hawk","Buteo solitarius","Accipitridae","Accipitriformes"
"Swainson's Hawk","Buteo swainsoni","Accipitridae","Accipitriformes"
"Common Black Hawk","Buteogallus anthracinus","Accipitridae","Accipitriformes"
"Great Black Hawk","Buteogallus urubitinga","Accipitridae","Accipitriformes"
"Hook-billed Kite","Chondrohierax uncinatus","Accipitridae","Accipitriformes"
"Northern Harrier","Circus hudsonius","Accipitridae","Accipitriformes"
"Swallow-tailed Kite","Elanoides forficatus","Accipitridae","Accipitriformes"
"White-tailed Kite","Elanus leucurus","Accipitridae","Accipitriformes"
"White-tailed Hawk","Geranoaetus albicaudatus","Accipitridae","Accipitriformes"
"Crane Hawk","Geranospiza caerulescens","Accipitridae","Accipitriformes"
"White-tailed Eagle","Haliaeetus albicilla","Accipitridae","Accipitriformes"
"Bald Eagle","Haliaeetus leucocephalus","Accipitridae","Accipitriformes"
"Steller's Sea-Eagle","Haliaeetus pelagicus","Accipitridae","Accipitriformes"
"Double-toothed Kite","Harpagus bidentatus","Accipitridae","Accipitriformes"
"Mississippi Kite","Ictinia mississippiensis","Accipitridae","Accipitriformes"
"Black Kite","Milvus migrans","Accipitridae","Accipitriformes"
"Harris's Hawk","Parabuteo unicinctus","Accipitridae","Accipitriformes"
"Snail Kite","Rostrhamus sociabilis","Accipitridae","Accipitriformes"
"Roadside Hawk","Rupornis magnirostris","Accipitridae","Accipitriformes"
"Osprey","Pandion haliaetus","Pandionidae","Accipitriformes"
"Wood Duck","Aix sponsa","Anatidae","Anseriformes"
"Egyptian Goose","Alopochen aegyptiaca","Anatidae","Anseriformes"
"Northern Pintail","Anas acuta","Anatidae","Anseriformes"
"White-cheeked Pintail","Anas bahamensis","Anatidae","Anseriformes"
"Green-winged Teal","Anas crecca","Anatidae","Anseriformes"
"Mottled Duck","Anas fulvigula","Anatidae","Anseriformes"
"Laysan Duck","Anas laysanensis","Anatidae","Anseriformes"
"Mallard","Anas platyrhynchos","Anatidae","Anseriformes"
"American Black Duck","Anas rubripes","Anatidae","Anseriformes"
"Hawaiian Duck","Anas wyvilliana","Anatidae","Anseriformes"
"Eastern Spot-billed Duck","Anas zonorhyncha","Anatidae","Anseriformes"
"Greater White-fronted Goose","Anser albifrons","Anatidae","Anseriformes"
"Graylag Goose","Anser anser","Anatidae","Anseriformes"
"Pink-footed Goose","Anser brachyrhynchus","Anatidae","Anseriformes"
"Snow Goose","Anser caerulescens","Anatidae","Anseriformes"
"Emperor Goose","Anser canagicus","Anatidae","Anseriformes"
"Lesser White-fronted Goose","Anser erythropus","Anatidae","Anseriformes"
"Taiga Bean-Goose","Anser fabalis","Anatidae","Anseriformes"
"Ross's Goose","Anser rossii","Anatidae","Anseriformes"
"Tundra Bean-Goose","Anser serrirostris","Anatidae","Anseriformes"
"Lesser Scaup","Aythya affinis","Anatidae","Anseriformes"
"Redhead","Aythya americana","Anatidae","Anseriformes"
"Ring-necked Duck","Aythya collaris","Anatidae","Anseriformes"
"Common Pochard","Aythya ferina","Anatidae","Anseriformes"
"Tufted Duck","Aythya fuligula","Anatidae","Anseriformes"
"Greater Scaup","Aythya marila","Anatidae","Anseriformes"
"Canvasback","Aythya valisineria","Anatidae","Anseriformes"
"Brant","Branta bernicla","Anatidae","Anseriformes"
"Canada Goose","Branta canadensis","Anatidae","Anseriformes"
"Cackling Goose","Branta hutchinsii","Anatidae","Anseriformes"
"Barnacle Goose","Branta leucopsis","Anatidae","Anseriformes"
"Hawaiian Goose","Branta sandvicensis","Anatidae","Anseriformes"
"Bufflehead","Bucephala albeola","Anatidae","Anseriformes"
"Common Goldeneye","Bucephala clangula","Anatidae","Anseriformes"
"Barrow's Goldeneye","Bucephala islandica","Anatidae","Anseriformes"
"Muscovy Duck","Cairina moschata","Anatidae","Anseriformes"
"Labrador Duck","Camptorhynchus labradorius","Anatidae","Anseriformes"
"Long-tailed Duck","Clangula hyemalis","Anatidae","Anseriformes"
"Trumpeter Swan","Cygnus buccinator","Anatidae","Anseriformes"
"Tundra Swan","Cygnus columbianus","Anatidae","Anseriformes"
"Whooper Swan","Cygnus cygnus","Anatidae","Anseriformes"
"Mute Swan","Cygnus olor","Anatidae","Anseriformes"
"Black-bellied Whistling-Duck","Dendrocygna autumnalis","Anatidae","Anseriformes"
"Fulvous Whistling-Duck","Dendrocygna bicolor","Anatidae","Anseriformes"
"Harlequin Duck","Histrionicus histrionicus","Anatidae","Anseriformes"
"Hooded Merganser","Lophodytes cucullatus","Anatidae","Anseriformes"
"American Wigeon","Mareca americana","Anatidae","Anseriformes"
"Falcated Duck","Mareca falcata","Anatidae","Anseriformes"
"Eurasian Wigeon","Mareca penelope","Anatidae","Anseriformes"
"Gadwall","Mareca strepera","Anatidae","Anseriformes"
"Black Scoter","Melanitta americana","Anatidae","Anseriformes"
"White-winged Scoter","Melanitta deglandi","Anatidae","Anseriformes"
"Common Scoter","Melanitta nigra","Anatidae","Anseriformes"
"Surf Scoter","Melanitta perspicillata","Anatidae","Anseriformes"
"Stejneger's Scoter","Melanitta stejnegeri","Anatidae","Anseriformes"
"Smew","Mergellus albellus","Anatidae","Anseriformes"
"Common Merganser","Mergus merganser","Anatidae","Anseriformes"
"Red-breasted Merganser","Mergus serrator","Anatidae","Anseriformes"
"Masked Duck","Nomonyx dominicus","Anatidae","Anseriformes"
"Ruddy Duck","Oxyura jamaicensis","Anatidae","Anseriformes"
"Steller's Eider","Polysticta stelleri","Anatidae","Anseriformes"
"Baikal Teal","Sibirionetta formosa","Anatidae","Anseriformes"
"Spectacled Eider","Somateria fischeri","Anatidae","Anseriformes"
"Common Eider","Somateria mollissima","Anatidae","Anseriformes"
"King Eider","Somateria spectabilis","Anatidae","Anseriformes"
"Northern Shoveler","Spatula clypeata","Anatidae","Anseriformes"
"Cinnamon Teal","Spatula cyanoptera","Anatidae","Anseriformes"
"Blue-winged Teal","Spatula discors","Anatidae","Anseriformes"
"Garganey","Spatula querquedula","Anatidae","Anseriformes"
"Common Shelduck","Tadorna tadorna","Anatidae","Anseriformes"
"Eurasian Hoopoe","Upupa epops","Upupidae","Bucerotiformes"
"Mariana Swiftlet","Aerodramus bartschi","Apodidae","Caprimulgiformes"
"White-throated Swift","Aeronautes saxatalis","Apodidae","Caprimulgiformes"
"Common Swift","Apus apus","Apodidae","Caprimulgiformes"
"Pacific Swift","Apus pacificus","Apodidae","Caprimulgiformes"
"Chimney Swift","Chaetura pelagica","Apodidae","Caprimulgiformes"
"Vaux's Swift","Chaetura vauxi","Apodidae","Caprimulgiformes"
"Black Swift","Cypseloides niger","Apodidae","Caprimulgiformes"
"White-throated Needletail","Hirundapus caudacutus","Apodidae","Caprimulgiformes"
"White-collared Swift","Streptoprocne zonaris","Apodidae","Caprimulgiformes"
"Antillean Palm-Swift","Tachornis phoenicobia","Apodidae","Caprimulgiformes"
"Mexican Whip-poor-will","Antrostomus arizonae","Caprimulgidae","Caprimulgiformes"
"Chuck-will's-widow","Antrostomus carolinensis","Caprimulgidae","Caprimulgiformes"
"Buff-collared Nightjar","Antrostomus ridgwayi","Caprimulgidae","Caprimulgiformes"
"Eastern Whip-poor-will","Antrostomus vociferus","Caprimulgidae","Caprimulgiformes"
"Gray Nightjar","Caprimulgus jotaka","Caprimulgidae","Caprimulgiformes"
"Lesser Nighthawk","Chordeiles acutipennis","Caprimulgidae","Caprimulgiformes"
"Antillean Nighthawk","Chordeiles gundlachii","Caprimulgidae","Caprimulgiformes"
"Common Nighthawk","Chordeiles minor","Caprimulgidae","Caprimulgiformes"
"Common Pauraque","Nyctidromus albicollis","Caprimulgidae","Caprimulgiformes"
"Common Poorwill","Phalaenoptilus nuttallii","Caprimulgidae","Caprimulgiformes"
"Berylline Hummingbird","Amazilia beryllina","Trochilidae","Caprimulgiformes"
"Cinnamon Hummingbird","Amazilia rutila","Trochilidae","Caprimulgiformes"
"Violet-crowned Hummingbird","Amazilia violiceps","Trochilidae","Caprimulgiformes"
"Buff-bellied Hummingbird","Amazilia yucatanensis","Trochilidae","Caprimulgiformes"
"Green-breasted Mango","Anthracothorax prevostii","Trochilidae","Caprimulgiformes"
"Black-chinned Hummingbird","Archilochus alexandri","Trochilidae","Caprimulgiformes"
"Ruby-throated Hummingbird","Archilochus colubris","Trochilidae","Caprimulgiformes"
"Bumblebee Hummingbird","Atthis heloisa","Trochilidae","Caprimulgiformes"
"Lucifer Hummingbird","Calothorax lucifer","Trochilidae","Caprimulgiformes"
"Anna's Hummingbird","Calypte anna","Trochilidae","Caprimulgiformes"
"Costa's Hummingbird","Calypte costae","Trochilidae","Caprimulgiformes"
"Mexican Violetear","Colibri thalassinus","Trochilidae","Caprimulgiformes"
"Broad-billed Hummingbird","Cynanthus latirostris","Trochilidae","Caprimulgiformes"
"Rivoli's Hummingbird","Eugenes fulgens","Trochilidae","Caprimulgiformes"
"Plain-capped Starthroat","Heliomaster constantii","Trochilidae","Caprimulgiformes"
"White-eared Hummingbird","Hylocharis leucotis","Trochilidae","Caprimulgiformes"
"Xantus's Hummingbird","Hylocharis xantusii","Trochilidae","Caprimulgiformes"
"Amethyst-throated Mountain-gem","Lampornis amethystinus","Trochilidae","Caprimulgiformes"
"Blue-throated Mountain-gem","Lampornis clemenciae","Trochilidae","Caprimulgiformes"
"Bahama Woodstar","Nesophlox evelynae","Trochilidae","Caprimulgiformes"
"Calliope Hummingbird","Selasphorus calliope","Trochilidae","Caprimulgiformes"
"Broad-tailed Hummingbird","Selasphorus platycercus","Trochilidae","Caprimulgiformes"
"Rufous Hummingbird","Selasphorus rufus","Trochilidae","Caprimulgiformes"
"Allen's Hummingbird","Selasphorus sasin","Trochilidae","Caprimulgiformes"
"Turkey Vulture","Cathartes aura","Cathartidae","Cathartiformes"
"Black Vulture","Coragyps atratus","Cathartidae","Cathartiformes"
"California Condor","Gymnogyps californianus","Cathartidae","Cathartiformes"
"Crested Auklet","Aethia cristatella","Alcidae","Charadriiformes"
"Parakeet Auklet","Aethia psittacula","Alcidae","Charadriiformes"
"Least Auklet","Aethia pusilla","Alcidae","Charadriiformes"
"Whiskered Auklet","Aethia pygmaea","Alcidae","Charadriiformes"
"Razorbill","Alca torda","Alcidae","Charadriiformes"
"Dovekie","Alle alle","Alcidae","Charadriiformes"
"Kittlitz's Murrelet","Brachyramphus brevirostris","Alcidae","Charadriiformes"
"Marbled Murrelet","Brachyramphus marmoratus","Alcidae","Charadriiformes"
"Long-billed Murrelet","Brachyramphus perdix","Alcidae","Charadriiformes"
"Pigeon Guillemot","Cepphus columba","Alcidae","Charadriiformes"
"Black Guillemot","Cepphus grylle","Alcidae","Charadriiformes"
"Rhinoceros Auklet","Cerorhinca monocerata","Alcidae","Charadriiformes"
"Atlantic Puffin","Fratercula arctica","Alcidae","Charadriiformes"
"Tufted Puffin","Fratercula cirrhata","Alcidae","Charadriiformes"
"Horned Puffin","Fratercula corniculata","Alcidae","Charadriiformes"
"Great Auk","Pinguinus impennis","Alcidae","Charadriiformes"
"Cassin's Auklet","Ptychoramphus aleuticus","Alcidae","Charadriiformes"
"Ancient Murrelet","Synthliboramphus antiquus","Alcidae","Charadriiformes"
"Craveri's Murrelet","Synthliboramphus craveri","Alcidae","Charadriiformes"
"Guadalupe Murrelet","Synthliboramphus hypoleucus","Alcidae","Charadriiformes"
"Scripps's Murrelet","Synthliboramphus scrippsi","Alcidae","Charadriiformes"
"Common Murre","Uria aalge","Alcidae","Charadriiformes"
"Thick-billed Murre","Uria lomvia","Alcidae","Charadriiformes"
"Double-striped Thick-knee","Burhinus bistriatus","Burhinidae","Charadriiformes"
"Collared Plover","Charadrius collaris","Charadriidae","Charadriiformes"
"Little Ringed Plover","Charadrius dubius","Charadriidae","Charadriiformes"
"Common Ringed Plover","Charadrius hiaticula","Charadriidae","Charadriiformes"
"Greater Sand-Plover","Charadrius leschenaultii","Charadriidae","Charadriiformes"
"Piping Plover","Charadrius melodus","Charadriidae","Charadriiformes"
"Lesser Sand-Plover","Charadrius mongolus","Charadriidae","Charadriiformes"
"Mountain Plover","Charadrius montanus","Charadriidae","Charadriiformes"
"Eurasian Dotterel","Charadrius morinellus","Charadriidae","Charadriiformes"
"Snowy Plover","Charadrius nivosus","Charadriidae","Charadriiformes"
"Semipalmated Plover","Charadrius semipalmatus","Charadriidae","Charadriiformes"
"Killdeer","Charadrius vociferus","Charadriidae","Charadriiformes"
"Wilson's Plover","Charadrius wilsonia","Charadriidae","Charadriiformes"
"European Golden-Plover","Pluvialis apricaria","Charadriidae","Charadriiformes"
"American Golden-Plover","Pluvialis dominica","Charadriidae","Charadriiformes"
"Pacific Golden-Plover","Pluvialis fulva","Charadriidae","Charadriiformes"
"Black-bellied Plover","Pluvialis squatarola","Charadriidae","Charadriiformes"
"Northern Lapwing","Vanellus vanellus","Charadriidae","Charadriiformes"
"Oriental Pratincole","Glareola maldivarum","Glareolidae","Charadriiformes"
"Black Oystercatcher","Haematopus bachmani","Haematopodidae","Charadriiformes"
"Eurasian Oystercatcher","Haematopus ostralegus","Haematopodidae","Charadriiformes"
"American Oystercatcher","Haematopus palliatus","Haematopodidae","Charadriiformes"
"Northern Jacana","Jacana spinosa","Jacanidae","Charadriiformes"
"Blue-gray Noddy","Anous ceruleus","Laridae","Charadriiformes"
"Black Noddy","Anous minutus","Laridae","Charadriiformes"
"Brown Noddy","Anous stolidus","Laridae","Charadriiformes"
"Whiskered Tern","Chlidonias hybrida","Laridae","Charadriiformes"
"White-winged Tern","Chlidonias leucopterus","Laridae","Charadriiformes"
"Black Tern","Chlidonias niger","Laridae","Charadriiformes"
"Gray-hooded Gull","Chroicocephalus cirrocephalus","Laridae","Charadriiformes"
"Bonaparte's Gull","Chroicocephalus philadelphia","Laridae","Charadriiformes"
"Black-headed Gull","Chroicocephalus ridibundus","Laridae","Charadriiformes"
"Swallow-tailed Gull","Creagrus furcatus","Laridae","Charadriiformes"
"Gull-billed Tern","Gelochelidon nilotica","Laridae","Charadriiformes"
"White Tern","Gygis alba","Laridae","Charadriiformes"
"Little Gull","Hydrocoloeus minutus","Laridae","Charadriiformes"
"Caspian Tern","Hydroprogne caspia","Laridae","Charadriiformes"
"Herring Gull","Larus argentatus","Laridae","Charadriiformes"
"Belcher's Gull","Larus belcheri","Laridae","Charadriiformes"
"California Gull","Larus californicus","Laridae","Charadriiformes"
"Mew Gull","Larus canus","Laridae","Charadriiformes"
"Black-tailed Gull","Larus crassirostris","Laridae","Charadriiformes"
"Ring-billed Gull","Larus delawarensis","Laridae","Charadriiformes"
"Kelp Gull","Larus dominicanus","Laridae","Charadriiformes"
"Lesser Black-backed Gull","Larus fuscus","Laridae","Charadriiformes"
"Glaucous-winged Gull","Larus glaucescens","Laridae","Charadriiformes"
"Iceland Gull","Larus glaucoides","Laridae","Charadriiformes"
"Heermann's Gull","Larus heermanni","Laridae","Charadriiformes"
"Glaucous Gull","Larus hyperboreus","Laridae","Charadriiformes"
"Yellow-footed Gull","Larus livens","Laridae","Charadriiformes"
"Great Black-backed Gull","Larus marinus","Laridae","Charadriiformes"
"Yellow-legged Gull","Larus michahellis","Laridae","Charadriiformes"
"Western Gull","Larus occidentalis","Laridae","Charadriiformes"
"Slaty-backed Gull","Larus schistisagus","Laridae","Charadriiformes"
"Laughing Gull","Leucophaeus atricilla","Laridae","Charadriiformes"
"Franklin's Gull","Leucophaeus pipixcan","Laridae","Charadriiformes"
"Aleutian Tern","Onychoprion aleuticus","Laridae","Charadriiformes"
"Bridled Tern","Onychoprion anaethetus","Laridae","Charadriiformes"
"Sooty Tern","Onychoprion fuscatus","Laridae","Charadriiformes"
"Gray-backed Tern","Onychoprion lunatus","Laridae","Charadriiformes"
"Ivory Gull","Pagophila eburnea","Laridae","Charadriiformes"
"Large-billed Tern","Phaetusa simplex","Laridae","Charadriiformes"
"Ross's Gull","Rhodostethia rosea","Laridae","Charadriiformes"
"Red-legged Kittiwake","Rissa brevirostris","Laridae","Charadriiformes"
"Black-legged Kittiwake","Rissa tridactyla","Laridae","Charadriiformes"
"Black Skimmer","Rynchops niger","Laridae","Charadriiformes"
"Roseate Tern","Sterna dougallii","Laridae","Charadriiformes"
"Forster's Tern","Sterna forsteri","Laridae","Charadriiformes"
"Common Tern","Sterna hirundo","Laridae","Charadriiformes"
"Arctic Tern","Sterna paradisaea","Laridae","Charadriiformes"
"Little Tern","Sternula albifrons","Laridae","Charadriiformes"
"Least Tern","Sternula antillarum","Laridae","Charadriiformes"
"Great Crested Tern","Thalasseus bergii","Laridae","Charadriiformes"
"Elegant Tern","Thalasseus elegans","Laridae","Charadriiformes"
"Royal Tern","Thalasseus maximus","Laridae","Charadriiformes"
"Sandwich Tern","Thalasseus sandvicensis","Laridae","Charadriiformes"
"Sabine's Gull","Xema sabini","Laridae","Charadriiformes"
"Black-winged Stilt","Himantopus himantopus","Recurvirostridae","Charadriiformes"
"Black-necked Stilt","Himantopus mexicanus","Recurvirostridae","Charadriiformes"
"American Avocet","Recurvirostra americana","Recurvirostridae","Charadriiformes"
"Common Sandpiper","Actitis hypoleucos","Scolopacidae","Charadriiformes"
"Spotted Sandpiper","Actitis macularius","Scolopacidae","Charadriiformes"
"Ruddy Turnstone","Arenaria interpres","Scolopacidae","Charadriiformes"
"Black Turnstone","Arenaria melanocephala","Scolopacidae","Charadriiformes"
"Upland Sandpiper","Bartramia longicauda","Scolopacidae","Charadriiformes"
"Sharp-tailed Sandpiper","Calidris acuminata","Scolopacidae","Charadriiformes"
"Sanderling","Calidris alba","Scolopacidae","Charadriiformes"
"Dunlin","Calidris alpina","Scolopacidae","Charadriiformes"
"Baird's Sandpiper","Calidris bairdii","Scolopacidae","Charadriiformes"
"Red Knot","Calidris canutus","Scolopacidae","Charadriiformes"
"Broad-billed Sandpiper","Calidris falcinellus","Scolopacidae","Charadriiformes"
"Curlew Sandpiper","Calidris ferruginea","Scolopacidae","Charadriiformes"
"White-rumped Sandpiper","Calidris fuscicollis","Scolopacidae","Charadriiformes"
"Stilt Sandpiper","Calidris himantopus","Scolopacidae","Charadriiformes"
"Purple Sandpiper","Calidris maritima","Scolopacidae","Charadriiformes"
"Western Sandpiper","Calidris mauri","Scolopacidae","Charadriiformes"
"Pectoral Sandpiper","Calidris melanotos","Scolopacidae","Charadriiformes"
"Little Stint","Calidris minuta","Scolopacidae","Charadriiformes"
"Least Sandpiper","Calidris minutilla","Scolopacidae","Charadriiformes"
"Rock Sandpiper","Calidris ptilocnemis","Scolopacidae","Charadriiformes"
"Ruff","Calidris pugnax","Scolopacidae","Charadriiformes"
"Semipalmated Sandpiper","Calidris pusilla","Scolopacidae","Charadriiformes"
"Spoon-billed Sandpiper","Calidris pygmaea","Scolopacidae","Charadriiformes"
"Red-necked Stint","Calidris ruficollis","Scolopacidae","Charadriiformes"
"Long-toed Stint","Calidris subminuta","Scolopacidae","Charadriiformes"
"Buff-breasted Sandpiper","Calidris subruficollis","Scolopacidae","Charadriiformes"
"Temminck's Stint","Calidris temminckii","Scolopacidae","Charadriiformes"
"Great Knot","Calidris tenuirostris","Scolopacidae","Charadriiformes"
"Surfbird","Calidris virgata","Scolopacidae","Charadriiformes"
"Wilson's Snipe","Gallinago delicata","Scolopacidae","Charadriiformes"
"Common Snipe","Gallinago gallinago","Scolopacidae","Charadriiformes"
"Solitary Snipe","Gallinago solitaria","Scolopacidae","Charadriiformes"
"Pin-tailed Snipe","Gallinago stenura","Scolopacidae","Charadriiformes"
"Short-billed Dowitcher","Limnodromus griseus","Scolopacidae","Charadriiformes"
"Long-billed Dowitcher","Limnodromus scolopaceus","Scolopacidae","Charadriiformes"
"Marbled Godwit","Limosa fedoa","Scolopacidae","Charadriiformes"
"Hudsonian Godwit","Limosa haemastica","Scolopacidae","Charadriiformes"
"Bar-tailed Godwit","Limosa lapponica","Scolopacidae","Charadriiformes"
"Black-tailed Godwit","Limosa limosa","Scolopacidae","Charadriiformes"
"Jack Snipe","Lymnocryptes minimus","Scolopacidae","Charadriiformes"
"Long-billed Curlew","Numenius americanus","Scolopacidae","Charadriiformes"
"Eurasian Curlew","Numenius arquata","Scolopacidae","Charadriiformes"
"Eskimo Curlew","Numenius borealis","Scolopacidae","Charadriiformes"
"Far Eastern Curlew","Numenius madagascariensis","Scolopacidae","Charadriiformes"
"Little Curlew","Numenius minutus","Scolopacidae","Charadriiformes"
"Whimbrel","Numenius phaeopus","Scolopacidae","Charadriiformes"
"Bristle-thighed Curlew","Numenius tahitiensis","Scolopacidae","Charadriiformes"
"Slender-billed Curlew","Numenius tenuirostris","Scolopacidae","Charadriiformes"
"Red Phalarope","Phalaropus fulicarius","Scolopacidae","Charadriiformes"
"Red-necked Phalarope","Phalaropus lobatus","Scolopacidae","Charadriiformes"
"Wilson's Phalarope","Phalaropus tricolor","Scolopacidae","Charadriiformes"
"American Woodcock","Scolopax minor","Scolopacidae","Charadriiformes"
"Eurasian Woodcock","Scolopax rusticola","Scolopacidae","Charadriiformes"
"Gray-tailed Tattler","Tringa brevipes","Scolopacidae","Charadriiformes"
"Spotted Redshank","Tringa erythropus","Scolopacidae","Charadriiformes"
"Lesser Yellowlegs","Tringa flavipes","Scolopacidae","Charadriiformes"
"Wood Sandpiper","Tringa glareola","Scolopacidae","Charadriiformes"
"Wandering Tattler","Tringa incana","Scolopacidae","Charadriiformes"
"Greater Yellowlegs","Tringa melanoleuca","Scolopacidae","Charadriiformes"
"Common Greenshank","Tringa nebularia","Scolopacidae","Charadriiformes"
"Green Sandpiper","Tringa ochropus","Scolopacidae","Charadriiformes"
"Willet","Tringa semipalmata","Scolopacidae","Charadriiformes"
"Solitary Sandpiper","Tringa solitaria","Scolopacidae","Charadriiformes"
"Marsh Sandpiper","Tringa stagnatilis","Scolopacidae","Charadriiformes"
"Common Redshank","Tringa totanus","Scolopacidae","Charadriiformes"
"Terek Sandpiper","Xenus cinereus","Scolopacidae","Charadriiformes"
"Long-tailed Jaeger","Stercorarius longicaudus","Stercorariidae","Charadriiformes"
"South Polar Skua","Stercorarius maccormicki","Stercorariidae","Charadriiformes"
"Parasitic Jaeger","Stercorarius parasiticus","Stercorariidae","Charadriiformes"
"Pomarine Jaeger","Stercorarius pomarinus","Stercorariidae","Charadriiformes"
"Great Skua","Stercorarius skua","Stercorariidae","Charadriiformes"
"Jabiru","Jabiru mycteria","Ciconiidae","Ciconiiformes"
"Wood Stork","Mycteria americana","Ciconiidae","Ciconiiformes"
"Rock Pigeon","Columba livia","Columbidae","Columbiformes"
"Inca Dove","Columbina inca","Columbidae","Columbiformes"
"Common Ground Dove","Columbina passerina","Columbidae","Columbiformes"
"Ruddy Ground Dove","Columbina talpacoti","Columbidae","Columbiformes"
"Passenger Pigeon","Ectopistes migratorius","Columbidae","Columbiformes"
"Zebra Dove","Geopelia striata","Columbidae","Columbiformes"
"Key West Quail-Dove","Geotrygon chrysia","Columbidae","Columbiformes"
"Ruddy Quail-Dove","Geotrygon montana","Columbidae","Columbiformes"
"White-tipped Dove","Leptotila verreauxi","Columbidae","Columbiformes"
"Band-tailed Pigeon","Patagioenas fasciata","Columbidae","Columbiformes"
"Red-billed Pigeon","Patagioenas flavirostris","Columbidae","Columbiformes"
"White-crowned Pigeon","Patagioenas leucocephala","Columbidae","Columbiformes"
"Scaly-naped Pigeon","Patagioenas squamosa","Columbidae","Columbiformes"
"Spotted Dove","Streptopelia chinensis","Columbidae","Columbiformes"
"Eurasian Collared-Dove","Streptopelia decaocto","Columbidae","Columbiformes"
"Oriental Turtle-Dove","Streptopelia orientalis","Columbidae","Columbiformes"
"European Turtle-Dove","Streptopelia turtur","Columbidae","Columbiformes"
"White-winged Dove","Zenaida asiatica","Columbidae","Columbiformes"
"Zenaida Dove","Zenaida aurita","Columbidae","Columbiformes"
"Mourning Dove","Zenaida macroura","Columbidae","Columbiformes"
"Amazon Kingfisher","Chloroceryle amazona","Alcedinidae","Coraciiformes"
"Green Kingfisher","Chloroceryle americana","Alcedinidae","Coraciiformes"
"Belted Kingfisher","Megaceryle alcyon","Alcedinidae","Coraciiformes"
"Ringed Kingfisher","Megaceryle torquata","Alcedinidae","Coraciiformes"
"Yellow-billed Cuckoo","Coccyzus americanus","Cuculidae","Cuculiformes"
"Black-billed Cuckoo","Coccyzus erythropthalmus","Cuculidae","Cuculiformes"
"Dark-billed Cuckoo","Coccyzus melacoryphus","Cuculidae","Cuculiformes"
"Mangrove Cuckoo","Coccyzus minor","Cuculidae","Cuculiformes"
"Smooth-billed Ani","Crotophaga ani","Cuculidae","Cuculiformes"
"Groove-billed Ani","Crotophaga sulcirostris","Cuculidae","Cuculiformes"
"Common Cuckoo","Cuculus canorus","Cuculidae","Cuculiformes"
"Oriental Cuckoo","Cuculus optatus","Cuculidae","Cuculiformes"
"Greater Roadrunner","Geococcyx californianus","Cuculidae","Cuculiformes"
"Crested Caracara","Caracara cheriway","Falconidae","Falconiformes"
"Merlin","Falco columbarius","Falconidae","Falconiformes"
"Aplomado Falcon","Falco femoralis","Falconidae","Falconiformes"
"Prairie Falcon","Falco mexicanus","Falconidae","Falconiformes"
"Peregrine Falcon","Falco peregrinus","Falconidae","Falconiformes"
"Gyrfalcon","Falco rusticolus","Falconidae","Falconiformes"
"American Kestrel","Falco sparverius","Falconidae","Falconiformes"
"Eurasian Hobby","Falco subbuteo","Falconidae","Falconiformes"
"Eurasian Kestrel","Falco tinnunculus","Falconidae","Falconiformes"
"Red-footed Falcon","Falco vespertinus","Falconidae","Falconiformes"
"Collared Forest-Falcon","Micrastur semitorquatus","Falconidae","Falconiformes"
"Plain Chachalaca","Ortalis vetula","Cracidae","Galliformes"
"California Quail","Callipepla californica","Odontophoridae","Galliformes"
"Gambel's Quail","Callipepla gambelii","Odontophoridae","Galliformes"
"Scaled Quail","Callipepla squamata","Odontophoridae","Galliformes"
"Northern Bobwhite","Colinus virginianus","Odontophoridae","Galliformes"
"Montezuma Quail","Cyrtonyx montezumae","Odontophoridae","Galliformes"
"Mountain Quail","Oreortyx pictus","Odontophoridae","Galliformes"
"Chukar","Alectoris chukar","Phasianidae","Galliformes"
"Ruffed Grouse","Bonasa umbellus","Phasianidae","Galliformes"
"Gunnison Sage-Grouse","Centrocercus minimus","Phasianidae","Galliformes"
"Greater Sage-Grouse","Centrocercus urophasianus","Phasianidae","Galliformes"
"Sooty Grouse","Dendragapus fuliginosus","Phasianidae","Galliformes"
"Dusky Grouse","Dendragapus obscurus","Phasianidae","Galliformes"
"Spruce Grouse","Falcipennis canadensis","Phasianidae","Galliformes"
"Black Francolin","Francolinus francolinus","Phasianidae","Galliformes"
"Gray Francolin","Francolinus pondicerianus","Phasianidae","Galliformes"
"Red Junglefowl","Gallus gallus","Phasianidae","Galliformes"
"Willow Ptarmigan","Lagopus lagopus","Phasianidae","Galliformes"
"White-tailed Ptarmigan","Lagopus leucura","Phasianidae","Galliformes"
"Rock Ptarmigan","Lagopus muta","Phasianidae","Galliformes"
"Kalij Pheasant","Lophura leucomelanos","Phasianidae","Galliformes"
"Wild Turkey","Meleagris gallopavo","Phasianidae","Galliformes"
"Indian Peafowl","Pavo cristatus","Phasianidae","Galliformes"
"Gray Partridge","Perdix perdix","Phasianidae","Galliformes"
"Ring-necked Pheasant","Phasianus colchicus","Phasianidae","Galliformes"
"Erckel's Francolin","Pternistis erckelii","Phasianidae","Galliformes"
"Himalayan Snowcock","Tetraogallus himalayensis","Phasianidae","Galliformes"
"Greater Prairie-Chicken","Tympanuchus cupido","Phasianidae","Galliformes"
"Lesser Prairie-Chicken","Tympanuchus pallidicinctus","Phasianidae","Galliformes"
"Sharp-tailed Grouse","Tympanuchus phasianellus","Phasianidae","Galliformes"
"Yellow-billed Loon","Gavia adamsii","Gaviidae","Gaviiformes"
"Arctic Loon","Gavia arctica","Gaviidae","Gaviiformes"
"Common Loon","Gavia immer","Gaviidae","Gaviiformes"
"Pacific Loon","Gavia pacifica","Gaviidae","Gaviiformes"
"Red-throated Loon","Gavia stellata","Gaviidae","Gaviiformes"
"Limpkin","Aramus guarauna","Aramidae","Gruiformes"
"Sandhill Crane","Antigone canadensis","Gruidae","Gruiformes"
"Whooping Crane","Grus americana","Gruidae","Gruiformes"
"Common Crane","Grus grus","Gruidae","Gruiformes"
"Sungrebe","Heliornis fulica","Heliornithidae","Gruiformes"
"Rufous-necked Wood-Rail","Aramides axillaris","Rallidae","Gruiformes"
"Yellow Rail","Coturnicops noveboracensis","Rallidae","Gruiformes"
"Corn Crake","Crex crex","Rallidae","Gruiformes"
"Hawaiian Coot","Fulica alai","Rallidae","Gruiformes"
"American Coot","Fulica americana","Rallidae","Gruiformes"
"Eurasian Coot","Fulica atra","Rallidae","Gruiformes"
"Eurasian Moorhen","Gallinula chloropus","Rallidae","Gruiformes"
"Common Gallinule","Gallinula galeata","Rallidae","Gruiformes"
"Black Rail","Laterallus jamaicensis","Rallidae","Gruiformes"
"Paint-billed Crake","Mustelirallus erythrops","Rallidae","Gruiformes"
"Spotted Rail","Pardirallus maculatus","Rallidae","Gruiformes"
"Purple Gallinule","Porphyrio martinica","Rallidae","Gruiformes"
"Western Swamphen","Porphyrio porphyrio","Rallidae","Gruiformes"
"Sora","Porzana carolina","Rallidae","Gruiformes"
"Clapper Rail","Rallus crepitans","Rallidae","Gruiformes"
"King Rail","Rallus elegans","Rallidae","Gruiformes"
"Virginia Rail","Rallus limicola","Rallidae","Gruiformes"
"Ridgway's Rail","Rallus obsoletus","Rallidae","Gruiformes"
"Laysan Rail","Zapornia palmeri","Rallidae","Gruiformes"
"Hawaiian Rail","Zapornia sandwichensis","Rallidae","Gruiformes"
"Blyth's Reed Warbler","Acrocephalus dumetorum","Acrocephalidae","Passeriformes"
"Millerbird","Acrocephalus familiaris","Acrocephalidae","Passeriformes"
"Sedge Warbler","Acrocephalus schoenobaenus","Acrocephalidae","Passeriformes"
"Thick-billed Warbler","Arundinax aedon","Acrocephalidae","Passeriformes"
"Bushtit","Psaltriparus minimus","Aegithalidae","Passeriformes"
"Eurasian Skylark","Alauda arvensis","Alaudidae","Passeriformes"
"Horned Lark","Eremophila alpestris","Alaudidae","Passeriformes"
"Cedar Waxwing","Bombycilla cedrorum","Bombycillidae","Passeriformes"
"Bohemian Waxwing","Bombycilla garrulus","Bombycillidae","Passeriformes"
"Lapland Longspur","Calcarius lapponicus","Calcariidae","Passeriformes"
"Chestnut-collared Longspur","Calcarius ornatus","Calcariidae","Passeriformes"
"Smith's Longspur","Calcarius pictus","Calcariidae","Passeriformes"
"McKay's Bunting","Plectrophenax hyperboreus","Calcariidae","Passeriformes"
"Snow Bunting","Plectrophenax nivalis","Calcariidae","Passeriformes"
"McCown's Longspur","Rhynchophanes mccownii","Calcariidae","Passeriformes"
"Northern Cardinal","Cardinalis cardinalis","Cardinalidae","Passeriformes"
"Pyrrhuloxia","Cardinalis sinuatus","Cardinalidae","Passeriformes"
"Blue Bunting","Cyanocompsa parellina","Cardinalidae","Passeriformes"
"Lazuli Bunting","Passerina amoena","Cardinalidae","Passeriformes"
"Blue Grosbeak","Passerina caerulea","Cardinalidae","Passeriformes"
"Painted Bunting","Passerina ciris","Cardinalidae","Passeriformes"
"Indigo Bunting","Passerina cyanea","Cardinalidae","Passeriformes"
"Varied Bunting","Passerina versicolor","Cardinalidae","Passeriformes"
"Yellow Grosbeak","Pheucticus chrysopeplus","Cardinalidae","Passeriformes"
"Rose-breasted Grosbeak","Pheucticus ludovicianus","Cardinalidae","Passeriformes"
"Black-headed Grosbeak","Pheucticus melanocephalus","Cardinalidae","Passeriformes"
"Flame-colored Tanager","Piranga bidentata","Cardinalidae","Passeriformes"
"Hepatic Tanager","Piranga flava","Cardinalidae","Passeriformes"
"Western Tanager","Piranga ludoviciana","Cardinalidae","Passeriformes"
"Scarlet Tanager","Piranga olivacea","Cardinalidae","Passeriformes"
"Summer Tanager","Piranga rubra","Cardinalidae","Passeriformes"
"Crimson-collared Grosbeak","Rhodothraupis celaeno","Cardinalidae","Passeriformes"
"Dickcissel","Spiza americana","Cardinalidae","Passeriformes"
"Brown Creeper","Certhia americana","Certhiidae","Passeriformes"
"American Dipper","Cinclus mexicanus","Cinclidae","Passeriformes"
"California Scrub-Jay","Aphelocoma californica","Corvidae","Passeriformes"
"Florida Scrub-Jay","Aphelocoma coerulescens","Corvidae","Passeriformes"
"Island Scrub-Jay","Aphelocoma insularis","Corvidae","Passeriformes"
"Mexican Jay","Aphelocoma wollweberi","Corvidae","Passeriformes"
"Woodhouse's Scrub-Jay","Aphelocoma woodhouseii","Corvidae","Passeriformes"
"American Crow","Corvus brachyrhynchos","Corvidae","Passeriformes"
"Northwestern Crow","Corvus caurinus","Corvidae","Passeriformes"
"Common Raven","Corvus corax","Corvidae","Passeriformes"
"Chihuahuan Raven","Corvus cryptoleucus","Corvidae","Passeriformes"
"Hawaiian Crow","Corvus hawaiiensis","Corvidae","Passeriformes"
"Tamaulipas Crow","Corvus imparatus","Corvidae","Passeriformes"
"Eurasian Jackdaw","Corvus monedula","Corvidae","Passeriformes"
"Fish Crow","Corvus ossifragus","Corvidae","Passeriformes"
"Blue Jay","Cyanocitta cristata","Corvidae","Passeriformes"
"Steller's Jay","Cyanocitta stelleri","Corvidae","Passeriformes"
"Green Jay","Cyanocorax yncas","Corvidae","Passeriformes"
"Pinyon Jay","Gymnorhinus cyanocephalus","Corvidae","Passeriformes"
"Clark's Nutcracker","Nucifraga columbiana","Corvidae","Passeriformes"
"Canada Jay","Perisoreus canadensis","Corvidae","Passeriformes"
"Black-billed Magpie","Pica hudsonia","Corvidae","Passeriformes"
"Yellow-billed Magpie","Pica nuttalli","Corvidae","Passeriformes"
"Brown Jay","Psilorhinus morio","Corvidae","Passeriformes"
"Yellow-breasted Bunting","Emberiza aureola","Emberizidae","Passeriformes"
"Yellow-browed Bunting","Emberiza chrysophrys","Emberizidae","Passeriformes"
"Yellow-throated Bunting","Emberiza elegans","Emberizidae","Passeriformes"
"Pine Bunting","Emberiza leucocephalos","Emberizidae","Passeriformes"
"Pallas's Bunting","Emberiza pallasi","Emberizidae","Passeriformes"
"Little Bunting","Emberiza pusilla","Emberizidae","Passeriformes"
"Rustic Bunting","Emberiza rustica","Emberizidae","Passeriformes"
"Reed Bunting","Emberiza schoeniclus","Emberizidae","Passeriformes"
"Gray Bunting","Emberiza variabilis","Emberizidae","Passeriformes"
"Red Avadavat","Amandava amandava","Estrildidae","Passeriformes"
"Common Waxbill","Estrilda astrild","Estrildidae","Passeriformes"
"African Silverbill","Euodice cantans","Estrildidae","Passeriformes"
"Chestnut Munia","Lonchura atricapilla","Estrildidae","Passeriformes"
"Java Sparrow","Lonchura oryzivora","Estrildidae","Passeriformes"
"Scaly-breasted Munia","Lonchura punctulata","Estrildidae","Passeriformes"
"Common Redpoll","Acanthis flammea","Fringillidae","Passeriformes"
"Hoary Redpoll","Acanthis hornemanni","Fringillidae","Passeriformes"
"Oahu Akialoa","Akialoa ellisiana","Fringillidae","Passeriformes"
"Maui-nui Akialoa","Akialoa lanaiensis","Fringillidae","Passeriformes"
"Lesser Akialoa","Akialoa obscura","Fringillidae","Passeriformes"
"Kauai Akialoa","Akialoa stejnegeri","Fringillidae","Passeriformes"
"Common Rosefinch","Carpodacus erythrinus","Fringillidae","Passeriformes"
"Pallas's Rosefinch","Carpodacus roseus","Fringillidae","Passeriformes"
"Kona Grosbeak","Chloridops kona","Fringillidae","Passeriformes"
"Oriental Greenfinch","Chloris sinica","Fringillidae","Passeriformes"
"Oahu Amakihi","Chlorodrepanis flava","Fringillidae","Passeriformes"
"Kauai Amakihi","Chlorodrepanis stejnegeri","Fringillidae","Passeriformes"
"Hawaii Amakihi","Chlorodrepanis virens","Fringillidae","Passeriformes"
"Ula-ai-hawane","Ciridops anna","Fringillidae","Passeriformes"
"Hawfinch","Coccothraustes coccothraustes","Fringillidae","Passeriformes"
"Evening Grosbeak","Coccothraustes vespertinus","Fringillidae","Passeriformes"
"Yellow-fronted Canary","Crithagra mozambica","Fringillidae","Passeriformes"
"Iiwi","Drepanis coccinea","Fringillidae","Passeriformes"
"Black Mamo","Drepanis funerea","Fringillidae","Passeriformes"
"Hawaii Mamo","Drepanis pacifica","Fringillidae","Passeriformes"
"Lanai Hookbill","Dysmorodrepanis munroi","Fringillidae","Passeriformes"
"Common Chaffinch","Fringilla coelebs","Fringillidae","Passeriformes"
"Brambling","Fringilla montifringilla","Fringillidae","Passeriformes"
"Cassin's Finch","Haemorhous cassinii","Fringillidae","Passeriformes"
"House Finch","Haemorhous mexicanus","Fringillidae","Passeriformes"
"Purple Finch","Haemorhous purpureus","Fringillidae","Passeriformes"
"Maui Nukupuu","Hemignathus affinis","Fringillidae","Passeriformes"
"Kauai Nukupuu","Hemignathus hanapepe","Fringillidae","Passeriformes"
"Oahu Nukupuu","Hemignathus lucidus","Fringillidae","Passeriformes"
"Akiapolaau","Hemignathus wilsoni","Fringillidae","Passeriformes"
"Laysan Honeycreeper","Himatione fraithii","Fringillidae","Passeriformes"
"Apapane","Himatione sanguinea","Fringillidae","Passeriformes"
"Asian Rosy-Finch","Leucosticte arctoa","Fringillidae","Passeriformes"
"Black Rosy-Finch","Leucosticte atrata","Fringillidae","Passeriformes"
"Brown-capped Rosy-Finch","Leucosticte australis","Fringillidae","Passeriformes"
"Gray-crowned Rosy-Finch","Leucosticte tephrocotis","Fringillidae","Passeriformes"
"Red Crossbill","Loxia curvirostra","Fringillidae","Passeriformes"
"White-winged Crossbill","Loxia leucoptera","Fringillidae","Passeriformes"
"Cassia Crossbill","Loxia sinesciuris","Fringillidae","Passeriformes"
"Palila","Loxioides bailleui","Fringillidae","Passeriformes"
"Akekee","Loxops caeruleirostris","Fringillidae","Passeriformes"
"Hawaii Akepa","Loxops coccineus","Fringillidae","Passeriformes"
"Hawaii Creeper","Loxops mana","Fringillidae","Passeriformes"
"Maui Akepa","Loxops ochraceus","Fringillidae","Passeriformes"
"Oahu Akepa","Loxops wolstenholmei","Fringillidae","Passeriformes"
"Anianiau","Magumma parva","Fringillidae","Passeriformes"
"Poo-uli","Melamprosops phaeosoma","Fringillidae","Passeriformes"
"Akikiki","Oreomystis bairdi","Fringillidae","Passeriformes"
"Akohekohe","Palmeria dolei","Fringillidae","Passeriformes"
"Kakawahie","Paroreomyza flammea","Fringillidae","Passeriformes"
"Oahu Alauahio","Paroreomyza maculata","Fringillidae","Passeriformes"
"Maui Alauahio","Paroreomyza montana","Fringillidae","Passeriformes"
"Pine Grosbeak","Pinicola enucleator","Fringillidae","Passeriformes"
"Maui Parrotbill","Pseudonestor xanthophrys","Fringillidae","Passeriformes"
"Ou","Psittirostra psittacea","Fringillidae","Passeriformes"
"Eurasian Bullfinch","Pyrrhula pyrrhula","Fringillidae","Passeriformes"
"Lesser Koa-Finch","Rhodacanthis flaviceps","Fringillidae","Passeriformes"
"Greater Koa-Finch","Rhodacanthis palmeri","Fringillidae","Passeriformes"
"Island Canary","Serinus canaria","Fringillidae","Passeriformes"
"Lawrence's Goldfinch","Spinus lawrencei","Fringillidae","Passeriformes"
"Pine Siskin","Spinus pinus","Fringillidae","Passeriformes"
"Lesser Goldfinch","Spinus psaltria","Fringillidae","Passeriformes"
"Eurasian Siskin","Spinus spinus","Fringillidae","Passeriformes"
"American Goldfinch","Spinus tristis","Fringillidae","Passeriformes"
"Laysan Finch","Telespiza cantans","Fringillidae","Passeriformes"
"Nihoa Finch","Telespiza ultima","Fringillidae","Passeriformes"
"Greater Amakihi","Viridonia sagittirostris","Fringillidae","Passeriformes"
"Common House-Martin","Delichon urbicum","Hirundinidae","Passeriformes"
"Barn Swallow","Hirundo rustica","Hirundinidae","Passeriformes"
"Cave Swallow","Petrochelidon fulva","Hirundinidae","Passeriformes"
"Cliff Swallow","Petrochelidon pyrrhonota","Hirundinidae","Passeriformes"
"Gray-breasted Martin","Progne chalybea","Hirundinidae","Passeriformes"
"Cuban Martin","Progne cryptoleuca","Hirundinidae","Passeriformes"
"Southern Martin","Progne elegans","Hirundinidae","Passeriformes"
"Purple Martin","Progne subis","Hirundinidae","Passeriformes"
"Brown-chested Martin","Progne tapera","Hirundinidae","Passeriformes"
"Bank Swallow","Riparia riparia","Hirundinidae","Passeriformes"
"Northern Rough-winged Swallow","Stelgidopteryx serripennis","Hirundinidae","Passeriformes"
"Mangrove Swallow","Tachycineta albilinea","Hirundinidae","Passeriformes"
"Tree Swallow","Tachycineta bicolor","Hirundinidae","Passeriformes"
"Bahama Swallow","Tachycineta cyaneoviridis","Hirundinidae","Passeriformes"
"Violet-green Swallow","Tachycineta thalassina","Hirundinidae","Passeriformes"
"Tawny-shouldered Blackbird","Agelaius humeralis","Icteridae","Passeriformes"
"Red-winged Blackbird","Agelaius phoeniceus","Icteridae","Passeriformes"
"Tricolored Blackbird","Agelaius tricolor","Icteridae","Passeriformes"
"Bobolink","Dolichonyx oryzivorus","Icteridae","Passeriformes"
"Rusty Blackbird","Euphagus carolinus","Icteridae","Passeriformes"
"Brewer's Blackbird","Euphagus cyanocephalus","Icteridae","Passeriformes"
"Black-backed Oriole","Icterus abeillei","Icteridae","Passeriformes"
"Bullock's Oriole","Icterus bullockii","Icteridae","Passeriformes"
"Hooded Oriole","Icterus cucullatus","Icteridae","Passeriformes"
"Baltimore Oriole","Icterus galbula","Icteridae","Passeriformes"
"Audubon's Oriole","Icterus graduacauda","Icteridae","Passeriformes"
"Altamira Oriole","Icterus gularis","Icteridae","Passeriformes"
"Scott's Oriole","Icterus parisorum","Icteridae","Passeriformes"
"Spot-breasted Oriole","Icterus pectoralis","Icteridae","Passeriformes"
"Streak-backed Oriole","Icterus pustulatus","Icteridae","Passeriformes"
"Orchard Oriole","Icterus spurius","Icteridae","Passeriformes"
"Black-vented Oriole","Icterus wagleri","Icteridae","Passeriformes"
"Bronzed Cowbird","Molothrus aeneus","Icteridae","Passeriformes"
"Brown-headed Cowbird","Molothrus ater","Icteridae","Passeriformes"
"Shiny Cowbird","Molothrus bonariensis","Icteridae","Passeriformes"
"Boat-tailed Grackle","Quiscalus major","Icteridae","Passeriformes"
"Great-tailed Grackle","Quiscalus mexicanus","Icteridae","Passeriformes"
"Common Grackle","Quiscalus quiscula","Icteridae","Passeriformes"
"Eastern Meadowlark","Sturnella magna","Icteridae","Passeriformes"
"Western Meadowlark","Sturnella neglecta","Icteridae","Passeriformes"
"Yellow-headed Blackbird","Xanthocephalus xanthocephalus","Icteridae","Passeriformes"
"Yellow-breasted Chat","Icteria virens","Icteriidae","Passeriformes"
"Northern Shrike","Lanius borealis","Laniidae","Passeriformes"
"Red-backed Shrike","Lanius collurio","Laniidae","Passeriformes"
"Brown Shrike","Lanius cristatus","Laniidae","Passeriformes"
"Loggerhead Shrike","Lanius ludovicianus","Laniidae","Passeriformes"
"Chinese Hwamei","Garrulax canorus","Leiothrichidae","Passeriformes"
"Greater Necklaced Laughingthrush","Ianthocincla pectoralis","Leiothrichidae","Passeriformes"
"Red-billed Leiothrix","Leiothrix lutea","Leiothrichidae","Passeriformes"
"River Warbler","Locustella fluviatilis","Locustellidae","Passeriformes"
"Lanceolated Warbler","Locustella lanceolata","Locustellidae","Passeriformes"
"Middendorff's Grasshopper-Warbler","Locustella ochotensis","Locustellidae","Passeriformes"
"Gray Catbird","Dumetella carolinensis","Mimidae","Passeriformes"
"Blue Mockingbird","Melanotis caerulescens","Mimidae","Passeriformes"
"Bahama Mockingbird","Mimus gundlachii","Mimidae","Passeriformes"
"Northern Mockingbird","Mimus polyglottos","Mimidae","Passeriformes"
"Sage Thrasher","Oreoscoptes montanus","Mimidae","Passeriformes"
"Bendire's Thrasher","Toxostoma bendirei","Mimidae","Passeriformes"
"Crissal Thrasher","Toxostoma crissale","Mimidae","Passeriformes"
"Curve-billed Thrasher","Toxostoma curvirostre","Mimidae","Passeriformes"
"LeConte's Thrasher","Toxostoma lecontei","Mimidae","Passeriformes"
"Long-billed Thrasher","Toxostoma longirostre","Mimidae","Passeriformes"
"California Thrasher","Toxostoma redivivum","Mimidae","Passeriformes"
"Brown Thrasher","Toxostoma rufum","Mimidae","Passeriformes"
"Kioea","Chaetoptila angustipluma","Mohoidae","Passeriformes"
"Oahu Oo","Moho apicalis","Mohoidae","Passeriformes"
"Bishop's Oo","Moho bishopi","Mohoidae","Passeriformes"
"Kauai Oo","Moho braccatus","Mohoidae","Passeriformes"
"Hawaii Oo","Moho nobilis","Mohoidae","Passeriformes"
"Oahu Elepaio","Chasiempis ibidis","Monarchidae","Passeriformes"
"Hawaii Elepaio","Chasiempis sandwichensis","Monarchidae","Passeriformes"
"Kauai Elepaio","Chasiempis sclateri","Monarchidae","Passeriformes"
"Red-throated Pipit","Anthus cervinus","Motacillidae","Passeriformes"
"Pechora Pipit","Anthus gustavi","Motacillidae","Passeriformes"
"Olive-backed Pipit","Anthus hodgsoni","Motacillidae","Passeriformes"
"American Pipit","Anthus rubescens","Motacillidae","Passeriformes"
"Sprague's Pipit","Anthus spragueii","Motacillidae","Passeriformes"
"Tree Pipit","Anthus trivialis","Motacillidae","Passeriformes"
"White Wagtail","Motacilla alba","Motacillidae","Passeriformes"
"Gray Wagtail","Motacilla cinerea","Motacillidae","Passeriformes"
"Citrine Wagtail","Motacilla citreola","Motacillidae","Passeriformes"
"Eastern Yellow Wagtail","Motacilla tschutschensis","Motacillidae","Passeriformes"
"Siberian Rubythroat","Calliope calliope","Muscicapidae","Passeriformes"
"White-rumped Shama","Copsychus malabaricus","Muscicapidae","Passeriformes"
"European Robin","Erithacus rubecula","Muscicapidae","Passeriformes"
"Taiga Flycatcher","Ficedula albicilla","Muscicapidae","Passeriformes"
"Mugimaki Flycatcher","Ficedula mugimaki","Muscicapidae","Passeriformes"
"Narcissus Flycatcher","Ficedula narcissina","Muscicapidae","Passeriformes"
"Siberian Blue Robin","Larvivora cyane","Muscicapidae","Passeriformes"
"Rufous-tailed Robin","Larvivora sibilans","Muscicapidae","Passeriformes"
"Bluethroat","Luscinia svecica","Muscicapidae","Passeriformes"
"Asian Brown Flycatcher","Muscicapa dauurica","Muscicapidae","Passeriformes"
"Gray-streaked Flycatcher","Muscicapa griseisticta","Muscicapidae","Passeriformes"
"Dark-sided Flycatcher","Muscicapa sibirica","Muscicapidae","Passeriformes"
"Spotted Flycatcher","Muscicapa striata","Muscicapidae","Passeriformes"
"Northern Wheatear","Oenanthe oenanthe","Muscicapidae","Passeriformes"
"Pied Wheatear","Oenanthe pleschanka","Muscicapidae","Passeriformes"
"Common Redstart","Phoenicurus phoenicurus","Muscicapidae","Passeriformes"
"African Stonechat","Saxicola torquatus","Muscicapidae","Passeriformes"
"Red-flanked Bluetail","Tarsiger cyanurus","Muscicapidae","Passeriformes"
"Black-crested Titmouse","Baeolophus atricristatus","Paridae","Passeriformes"
"Tufted Titmouse","Baeolophus bicolor","Paridae","Passeriformes"
"Oak Titmouse","Baeolophus inornatus","Paridae","Passeriformes"
"Juniper Titmouse","Baeolophus ridgwayi","Paridae","Passeriformes"
"Bridled Titmouse","Baeolophus wollweberi","Paridae","Passeriformes"
"Black-capped Chickadee","Poecile atricapillus","Paridae","Passeriformes"
"Carolina Chickadee","Poecile carolinensis","Paridae","Passeriformes"
"Gray-headed Chickadee","Poecile cinctus","Paridae","Passeriformes"
"Mountain Chickadee","Poecile gambeli","Paridae","Passeriformes"
"Boreal Chickadee","Poecile hudsonicus","Paridae","Passeriformes"
"Chestnut-backed Chickadee","Poecile rufescens","Paridae","Passeriformes"
"Mexican Chickadee","Poecile sclateri","Paridae","Passeriformes"
"Golden-crowned Warbler","Basileuterus culicivorus","Parulidae","Passeriformes"
"Fan-tailed Warbler","Basileuterus lachrymosus","Parulidae","Passeriformes"
"Rufous-capped Warbler","Basileuterus rufifrons","Parulidae","Passeriformes"
"Canada Warbler","Cardellina canadensis","Parulidae","Passeriformes"
"Wilson's Warbler","Cardellina pusilla","Parulidae","Passeriformes"
"Red-faced Warbler","Cardellina rubrifrons","Parulidae","Passeriformes"
"Kentucky Warbler","Geothlypis formosa","Parulidae","Passeriformes"
"Mourning Warbler","Geothlypis philadelphia","Parulidae","Passeriformes"
"Gray-crowned Yellowthroat","Geothlypis poliocephala","Parulidae","Passeriformes"
"MacGillivray's Warbler","Geothlypis tolmiei","Parulidae","Passeriformes"
"Common Yellowthroat","Geothlypis trichas","Parulidae","Passeriformes"
"Worm-eating Warbler","Helmitheros vermivorum","Parulidae","Passeriformes"
"Orange-crowned Warbler","Leiothlypis celata","Parulidae","Passeriformes"
"Colima Warbler","Leiothlypis crissalis","Parulidae","Passeriformes"
"Lucy's Warbler","Leiothlypis luciae","Parulidae","Passeriformes"
"Tennessee Warbler","Leiothlypis peregrina","Parulidae","Passeriformes"
"Nashville Warbler","Leiothlypis ruficapilla","Parulidae","Passeriformes"
"Virginia's Warbler","Leiothlypis virginiae","Parulidae","Passeriformes"
"Swainson's Warbler","Limnothlypis swainsonii","Parulidae","Passeriformes"
"Black-and-white Warbler","Mniotilta varia","Parulidae","Passeriformes"
"Slate-throated Redstart","Myioborus miniatus","Parulidae","Passeriformes"
"Painted Redstart","Myioborus pictus","Parulidae","Passeriformes"
"Connecticut Warbler","Oporornis agilis","Parulidae","Passeriformes"
"Crescent-chested Warbler","Oreothlypis superciliosa","Parulidae","Passeriformes"
"Louisiana Waterthrush","Parkesia motacilla","Parulidae","Passeriformes"
"Northern Waterthrush","Parkesia noveboracensis","Parulidae","Passeriformes"
"Prothonotary Warbler","Protonotaria citrea","Parulidae","Passeriformes"
"Ovenbird","Seiurus aurocapilla","Parulidae","Passeriformes"
"Northern Parula","Setophaga americana","Parulidae","Passeriformes"
"Black-throated Blue Warbler","Setophaga caerulescens","Parulidae","Passeriformes"
"Bay-breasted Warbler","Setophaga castanea","Parulidae","Passeriformes"
"Cerulean Warbler","Setophaga cerulea","Parulidae","Passeriformes"
"Golden-cheeked Warbler","Setophaga chrysoparia","Parulidae","Passeriformes"
"Hooded Warbler","Setophaga citrina","Parulidae","Passeriformes"
"Yellow-rumped Warbler","Setophaga coronata","Parulidae","Passeriformes"
"Prairie Warbler","Setophaga discolor","Parulidae","Passeriformes"
"Yellow-throated Warbler","Setophaga dominica","Parulidae","Passeriformes"
"Blackburnian Warbler","Setophaga fusca","Parulidae","Passeriformes"
"Grace's Warbler","Setophaga graciae","Parulidae","Passeriformes"
"Kirtland's Warbler","Setophaga kirtlandii","Parulidae","Passeriformes"
"Magnolia Warbler","Setophaga magnolia","Parulidae","Passeriformes"
"Black-throated Gray Warbler","Setophaga nigrescens","Parulidae","Passeriformes"
"Hermit Warbler","Setophaga occidentalis","Parulidae","Passeriformes"
"Palm Warbler","Setophaga palmarum","Parulidae","Passeriformes"
"Chestnut-sided Warbler","Setophaga pensylvanica","Parulidae","Passeriformes"
"Yellow Warbler","Setophaga petechia","Parulidae","Passeriformes"
"Pine Warbler","Setophaga pinus","Parulidae","Passeriformes"
"Tropical Parula","Setophaga pitiayumi","Parulidae","Passeriformes"
"American Redstart","Setophaga ruticilla","Parulidae","Passeriformes"
"Blackpoll Warbler","Setophaga striata","Parulidae","Passeriformes"
"Cape May Warbler","Setophaga tigrina","Parulidae","Passeriformes"
"Townsend's Warbler","Setophaga townsendi","Parulidae","Passeriformes"
"Black-throated Green Warbler","Setophaga virens","Parulidae","Passeriformes"
"Bachman's Warbler","Vermivora bachmanii","Parulidae","Passeriformes"
"Golden-winged Warbler","Vermivora chrysoptera","Parulidae","Passeriformes"
"Blue-winged Warbler","Vermivora cyanoptera","Parulidae","Passeriformes"
"Rufous-crowned Sparrow","Aimophila ruficeps","Passerellidae","Passeriformes"
"Grasshopper Sparrow","Ammodramus savannarum","Passerellidae","Passeriformes"
"Saltmarsh Sparrow","Ammospiza caudacuta","Passerellidae","Passeriformes"
"LeConte's Sparrow","Ammospiza leconteii","Passerellidae","Passeriformes"
"Seaside Sparrow","Ammospiza maritima","Passerellidae","Passeriformes"
"Nelson's Sparrow","Ammospiza nelsoni","Passerellidae","Passeriformes"
"Black-throated Sparrow","Amphispiza bilineata","Passerellidae","Passeriformes"
"Five-striped Sparrow","Amphispiza quinquestriata","Passerellidae","Passeriformes"
"Olive Sparrow","Arremonops rufivirgatus","Passerellidae","Passeriformes"
"Bell's Sparrow","Artemisiospiza belli","Passerellidae","Passeriformes"
"Sagebrush Sparrow","Artemisiospiza nevadensis","Passerellidae","Passeriformes"
"Lark Bunting","Calamospiza melanocorys","Passerellidae","Passeriformes"
"Baird's Sparrow","Centronyx bairdii","Passerellidae","Passeriformes"
"Henslow's Sparrow","Centronyx henslowii","Passerellidae","Passeriformes"
"Lark Sparrow","Chondestes grammacus","Passerellidae","Passeriformes"
"Dark-eyed Junco","Junco hyemalis","Passerellidae","Passeriformes"
"Yellow-eyed Junco","Junco phaeonotus","Passerellidae","Passeriformes"
"Swamp Sparrow","Melospiza georgiana","Passerellidae","Passeriformes"
"Lincoln's Sparrow","Melospiza lincolnii","Passerellidae","Passeriformes"
"Song Sparrow","Melospiza melodia","Passerellidae","Passeriformes"
"Abert's Towhee","Melozone aberti","Passerellidae","Passeriformes"
"California Towhee","Melozone crissalis","Passerellidae","Passeriformes"
"Canyon Towhee","Melozone fusca","Passerellidae","Passeriformes"
"Savannah Sparrow","Passerculus sandwichensis","Passerellidae","Passeriformes"
"Fox Sparrow","Passerella iliaca","Passerellidae","Passeriformes"
"Bachman's Sparrow","Peucaea aestivalis","Passerellidae","Passeriformes"
"Botteri's Sparrow","Peucaea botterii","Passerellidae","Passeriformes"
"Rufous-winged Sparrow","Peucaea carpalis","Passerellidae","Passeriformes"
"Cassin's Sparrow","Peucaea cassinii","Passerellidae","Passeriformes"
"Green-tailed Towhee","Pipilo chlorurus","Passerellidae","Passeriformes"
"Eastern Towhee","Pipilo erythrophthalmus","Passerellidae","Passeriformes"
"Spotted Towhee","Pipilo maculatus","Passerellidae","Passeriformes"
"Vesper Sparrow","Pooecetes gramineus","Passerellidae","Passeriformes"
"Black-chinned Sparrow","Spizella atrogularis","Passerellidae","Passeriformes"
"Brewer's Sparrow","Spizella breweri","Passerellidae","Passeriformes"
"Clay-colored Sparrow","Spizella pallida","Passerellidae","Passeriformes"
"Chipping Sparrow","Spizella passerina","Passerellidae","Passeriformes"
"Field Sparrow","Spizella pusilla","Passerellidae","Passeriformes"
"Worthen's Sparrow","Spizella wortheni","Passerellidae","Passeriformes"
"American Tree Sparrow","Spizelloides arborea","Passerellidae","Passeriformes"
"White-throated Sparrow","Zonotrichia albicollis","Passerellidae","Passeriformes"
"Golden-crowned Sparrow","Zonotrichia atricapilla","Passerellidae","Passeriformes"
"White-crowned Sparrow","Zonotrichia leucophrys","Passerellidae","Passeriformes"
"Harris's Sparrow","Zonotrichia querula","Passerellidae","Passeriformes"
"House Sparrow","Passer domesticus","Passeridae","Passeriformes"
"Eurasian Tree Sparrow","Passer montanus","Passeridae","Passeriformes"
"Olive Warbler","Peucedramus taeniatus","Peucedramidae","Passeriformes"
"Arctic Warbler","Phylloscopus borealis","Phylloscopidae","Passeriformes"
"Common Chiffchaff","Phylloscopus collybita","Phylloscopidae","Passeriformes"
"Kamchatka Leaf Warbler","Phylloscopus examinandus","Phylloscopidae","Passeriformes"
"Dusky Warbler","Phylloscopus fuscatus","Phylloscopidae","Passeriformes"
"Yellow-browed Warbler","Phylloscopus inornatus","Phylloscopidae","Passeriformes"
"Pallas's Leaf Warbler","Phylloscopus proregulus","Phylloscopidae","Passeriformes"
"Wood Warbler","Phylloscopus sibilatrix","Phylloscopidae","Passeriformes"
"Willow Warbler","Phylloscopus trochilus","Phylloscopidae","Passeriformes"
"Blue-gray Gnatcatcher","Polioptila caerulea","Polioptilidae","Passeriformes"
"California Gnatcatcher","Polioptila californica","Polioptilidae","Passeriformes"
"Black-tailed Gnatcatcher","Polioptila melanura","Polioptilidae","Passeriformes"
"Black-capped Gnatcatcher","Polioptila nigriceps","Polioptilidae","Passeriformes"
"Siberian Accentor","Prunella montanella","Prunellidae","Passeriformes"
"Phainopepla","Phainopepla nitens","Ptiliogonatidae","Passeriformes"
"Gray Silky-flycatcher","Ptiliogonys cinereus","Ptiliogonatidae","Passeriformes"
"Red-vented Bulbul","Pycnonotus cafer","Pycnonotidae","Passeriformes"
"Red-whiskered Bulbul","Pycnonotus jocosus","Pycnonotidae","Passeriformes"
"Ruby-crowned Kinglet","Regulus calendula","Regulidae","Passeriformes"
"Golden-crowned Kinglet","Regulus satrapa","Regulidae","Passeriformes"
"Verdin","Auriparus flaviceps","Remizidae","Passeriformes"
"Japanese Bush Warbler","Horornis diphone","Scotocercidae","Passeriformes"
"Red-breasted Nuthatch","Sitta canadensis","Sittidae","Passeriformes"
"White-breasted Nuthatch","Sitta carolinensis","Sittidae","Passeriformes"
"Brown-headed Nuthatch","Sitta pusilla","Sittidae","Passeriformes"
"Pygmy Nuthatch","Sitta pygmaea","Sittidae","Passeriformes"
"Western Spindalis","Spindalis zena","Spindalidae","Passeriformes"
"Common Myna","Acridotheres tristis","Sturnidae","Passeriformes"
"European Starling","Sturnus vulgaris","Sturnidae","Passeriformes"
"Wrentit","Chamaea fasciata","Sylviidae","Passeriformes"
"Lesser Whitethroat","Sylvia curruca","Sylviidae","Passeriformes"
"Bananaquit","Coereba flaveola","Thraupidae","Passeriformes"
"Red-legged Honeycreeper","Cyanerpes cyaneus","Thraupidae","Passeriformes"
"Black-faced Grassquit","Melanospiza bicolor","Thraupidae","Passeriformes"
"Yellow-billed Cardinal","Paroaria capitata","Thraupidae","Passeriformes"
"Red-crested Cardinal","Paroaria coronata","Thraupidae","Passeriformes"
"Saffron Finch","Sicalis flaveola","Thraupidae","Passeriformes"
"Morelet's Seedeater","Sporophila morelleti","Thraupidae","Passeriformes"
"Yellow-faced Grassquit","Tiaris olivaceus","Thraupidae","Passeriformes"
"Rose-throated Becard","Pachyramphus aglaiae","Tityridae","Passeriformes"
"Gray-collared Becard","Pachyramphus major","Tityridae","Passeriformes"
"Masked Tityra","Tityra semifasciata","Tityridae","Passeriformes"
"Cactus Wren","Campylorhynchus brunneicapillus","Troglodytidae","Passeriformes"
"Canyon Wren","Catherpes mexicanus","Troglodytidae","Passeriformes"
"Marsh Wren","Cistothorus palustris","Troglodytidae","Passeriformes"
"Sedge Wren","Cistothorus platensis","Troglodytidae","Passeriformes"
"Rock Wren","Salpinctes obsoletus","Troglodytidae","Passeriformes"
"Bewick's Wren","Thryomanes bewickii","Troglodytidae","Passeriformes"
"Sinaloa Wren","Thryophilus sinaloa","Troglodytidae","Passeriformes"
"Carolina Wren","Thryothorus ludovicianus","Troglodytidae","Passeriformes"
"House Wren","Troglodytes aedon","Troglodytidae","Passeriformes"
"Winter Wren","Troglodytes hiemalis","Troglodytidae","Passeriformes"
"Pacific Wren","Troglodytes pacificus","Troglodytidae","Passeriformes"
"Orange-billed Nightingale-Thrush","Catharus aurantiirostris","Turdidae","Passeriformes"
"Bicknell's Thrush","Catharus bicknelli","Turdidae","Passeriformes"
"Veery","Catharus fuscescens","Turdidae","Passeriformes"
"Hermit Thrush","Catharus guttatus","Turdidae","Passeriformes"
"Black-headed Nightingale-Thrush","Catharus mexicanus","Turdidae","Passeriformes"
"Gray-cheeked Thrush","Catharus minimus","Turdidae","Passeriformes"
"Swainson's Thrush","Catharus ustulatus","Turdidae","Passeriformes"
"Wood Thrush","Hylocichla mustelina","Turdidae","Passeriformes"
"Varied Thrush","Ixoreus naevius","Turdidae","Passeriformes"
"Olomao","Myadestes lanaiensis","Turdidae","Passeriformes"
"Kamao","Myadestes myadestinus","Turdidae","Passeriformes"
"Omao","Myadestes obscurus","Turdidae","Passeriformes"
"Brown-backed Solitaire","Myadestes occidentalis","Turdidae","Passeriformes"
"Puaiohi","Myadestes palmeri","Turdidae","Passeriformes"
"Townsend's Solitaire","Myadestes townsendi","Turdidae","Passeriformes"
"Amaui","Myadestes woahensis","Turdidae","Passeriformes"
"Aztec Thrush","Ridgwayia pinicola","Turdidae","Passeriformes"
"Mountain Bluebird","Sialia currucoides","Turdidae","Passeriformes"
"Western Bluebird","Sialia mexicana","Turdidae","Passeriformes"
"Eastern Bluebird","Sialia sialis","Turdidae","Passeriformes"
"White-throated Thrush","Turdus assimilis","Turdidae","Passeriformes"
"Dusky Thrush","Turdus eunomus","Turdidae","Passeriformes"
"Clay-colored Thrush","Turdus grayi","Turdidae","Passeriformes"
"Redwing","Turdus iliacus","Turdidae","Passeriformes"
"Eurasian Blackbird","Turdus merula","Turdidae","Passeriformes"
"American Robin","Turdus migratorius","Turdidae","Passeriformes"
"Eyebrowed Thrush","Turdus obscurus","Turdidae","Passeriformes"
"Song Thrush","Turdus philomelos","Turdidae","Passeriformes"
"Fieldfare","Turdus pilaris","Turdidae","Passeriformes"
"Red-legged Thrush","Turdus plumbeus","Turdidae","Passeriformes"
"Rufous-backed Robin","Turdus rufopalliatus","Turdidae","Passeriformes"
"Mistle Thrush","Turdus viscivorus","Turdidae","Passeriformes"
"Northern Beardless-Tyrannulet","Camptostoma imberbe","Tyrannidae","Passeriformes"
"Cuban Pewee","Contopus caribaeus","Tyrannidae","Passeriformes"
"Olive-sided Flycatcher","Contopus cooperi","Tyrannidae","Passeriformes"
"Greater Pewee","Contopus pertinax","Tyrannidae","Passeriformes"
"Western Wood-Pewee","Contopus sordidulus","Tyrannidae","Passeriformes"
"Eastern Wood-Pewee","Contopus virens","Tyrannidae","Passeriformes"
"White-crested Elaenia","Elaenia albiceps","Tyrannidae","Passeriformes"
"Pine Flycatcher","Empidonax affinis","Tyrannidae","Passeriformes"
"Alder Flycatcher","Empidonax alnorum","Tyrannidae","Passeriformes"
"Pacific-slope Flycatcher","Empidonax difficilis","Tyrannidae","Passeriformes"
"Yellow-bellied Flycatcher","Empidonax flaviventris","Tyrannidae","Passeriformes"
"Buff-breasted Flycatcher","Empidonax fulvifrons","Tyrannidae","Passeriformes"
"Hammond's Flycatcher","Empidonax hammondii","Tyrannidae","Passeriformes"
"Least Flycatcher","Empidonax minimus","Tyrannidae","Passeriformes"
"Dusky Flycatcher","Empidonax oberholseri","Tyrannidae","Passeriformes"
"Cordilleran Flycatcher","Empidonax occidentalis","Tyrannidae","Passeriformes"
"Willow Flycatcher","Empidonax traillii","Tyrannidae","Passeriformes"
"Acadian Flycatcher","Empidonax virescens","Tyrannidae","Passeriformes"
"Gray Flycatcher","Empidonax wrightii","Tyrannidae","Passeriformes"
"Crowned Slaty Flycatcher","Empidonomus aurantioatrocristatus","Tyrannidae","Passeriformes"
"Variegated Flycatcher","Empidonomus varius","Tyrannidae","Passeriformes"
"Piratic Flycatcher","Legatus leucophaius","Tyrannidae","Passeriformes"
"Tufted Flycatcher","Mitrephanes phaeocercus","Tyrannidae","Passeriformes"
"Ash-throated Flycatcher","Myiarchus cinerascens","Tyrannidae","Passeriformes"
"Great Crested Flycatcher","Myiarchus crinitus","Tyrannidae","Passeriformes"
"Nutting's Flycatcher","Myiarchus nuttingi","Tyrannidae","Passeriformes"
"La Sagra's Flycatcher","Myiarchus sagrae","Tyrannidae","Passeriformes"
"Dusky-capped Flycatcher","Myiarchus tuberculifer","Tyrannidae","Passeriformes"
"Brown-crested Flycatcher","Myiarchus tyrannulus","Tyrannidae","Passeriformes"
"Sulphur-bellied Flycatcher","Myiodynastes luteiventris","Tyrannidae","Passeriformes"
"Greenish Elaenia","Myiopagis viridicata","Tyrannidae","Passeriformes"
"Social Flycatcher","Myiozetetes similis","Tyrannidae","Passeriformes"
"Great Kiskadee","Pitangus sulphuratus","Tyrannidae","Passeriformes"
"Vermilion Flycatcher","Pyrocephalus rubinus","Tyrannidae","Passeriformes"
"Black Phoebe","Sayornis nigricans","Tyrannidae","Passeriformes"
"Eastern Phoebe","Sayornis phoebe","Tyrannidae","Passeriformes"
"Say's Phoebe","Sayornis saya","Tyrannidae","Passeriformes"
"Loggerhead Kingbird","Tyrannus caudifasciatus","Tyrannidae","Passeriformes"
"Couch's Kingbird","Tyrannus couchii","Tyrannidae","Passeriformes"
"Thick-billed Kingbird","Tyrannus crassirostris","Tyrannidae","Passeriformes"
"Gray Kingbird","Tyrannus dominicensis","Tyrannidae","Passeriformes"
"Scissor-tailed Flycatcher","Tyrannus forficatus","Tyrannidae","Passeriformes"
"Tropical Kingbird","Tyrannus melancholicus","Tyrannidae","Passeriformes"
"Fork-tailed Flycatcher","Tyrannus savana","Tyrannidae","Passeriformes"
"Eastern Kingbird","Tyrannus tyrannus","Tyrannidae","Passeriformes"
"Western Kingbird","Tyrannus verticalis","Tyrannidae","Passeriformes"
"Cassin's Kingbird","Tyrannus vociferans","Tyrannidae","Passeriformes"
"Black-whiskered Vireo","Vireo altiloquus","Vireonidae","Passeriformes"
"Black-capped Vireo","Vireo atricapilla","Vireonidae","Passeriformes"
"Bell's Vireo","Vireo bellii","Vireonidae","Passeriformes"
"Cassin's Vireo","Vireo cassinii","Vireonidae","Passeriformes"
"Thick-billed Vireo","Vireo crassirostris","Vireonidae","Passeriformes"
"Yellow-throated Vireo","Vireo flavifrons","Vireonidae","Passeriformes"
"Yellow-green Vireo","Vireo flavoviridis","Vireonidae","Passeriformes"
"Warbling Vireo","Vireo gilvus","Vireonidae","Passeriformes"
"White-eyed Vireo","Vireo griseus","Vireonidae","Passeriformes"
"Cuban Vireo","Vireo gundlachii","Vireonidae","Passeriformes"
"Hutton's Vireo","Vireo huttoni","Vireonidae","Passeriformes"
"Yucatan Vireo","Vireo magister","Vireonidae","Passeriformes"
"Red-eyed Vireo","Vireo olivaceus","Vireonidae","Passeriformes"
"Philadelphia Vireo","Vireo philadelphicus","Vireonidae","Passeriformes"
"Plumbeous Vireo","Vireo plumbeus","Vireonidae","Passeriformes"
"Blue-headed Vireo","Vireo solitarius","Vireonidae","Passeriformes"
"Gray Vireo","Vireo vicinior","Vireonidae","Passeriformes"
"Warbling White-eye","Zosterops japonicus","Zosteropidae","Passeriformes"
"Great Egret","Ardea alba","Ardeidae","Pelecaniformes"
"Gray Heron","Ardea cinerea","Ardeidae","Pelecaniformes"
"Great Blue Heron","Ardea herodias","Ardeidae","Pelecaniformes"
"Intermediate Egret","Ardea intermedia","Ardeidae","Pelecaniformes"
"Chinese Pond-Heron","Ardeola bacchus","Ardeidae","Pelecaniformes"
"American Bittern","Botaurus lentiginosus","Ardeidae","Pelecaniformes"
"Cattle Egret","Bubulcus ibis","Ardeidae","Pelecaniformes"
"Green Heron","Butorides virescens","Ardeidae","Pelecaniformes"
"Little Blue Heron","Egretta caerulea","Ardeidae","Pelecaniformes"
"Chinese Egret","Egretta eulophotes","Ardeidae","Pelecaniformes"
"Little Egret","Egretta garzetta","Ardeidae","Pelecaniformes"
"Western Reef-Heron","Egretta gularis","Ardeidae","Pelecaniformes"
"Reddish Egret","Egretta rufescens","Ardeidae","Pelecaniformes"
"Snowy Egret","Egretta thula","Ardeidae","Pelecaniformes"
"Tricolored Heron","Egretta tricolor","Ardeidae","Pelecaniformes"
"Least Bittern","Ixobrychus exilis","Ardeidae","Pelecaniformes"
"Yellow Bittern","Ixobrychus sinensis","Ardeidae","Pelecaniformes"
"Yellow-crowned Night-Heron","Nyctanassa violacea","Ardeidae","Pelecaniformes"
"Black-crowned Night-Heron","Nycticorax nycticorax","Ardeidae","Pelecaniformes"
"Bare-throated Tiger-Heron","Tigrisoma mexicanum","Ardeidae","Pelecaniformes"
"American White Pelican","Pelecanus erythrorhynchos","Pelecanidae","Pelecaniformes"
"Brown Pelican","Pelecanus occidentalis","Pelecanidae","Pelecaniformes"
"White Ibis","Eudocimus albus","Threskiornithidae","Pelecaniformes"
"Scarlet Ibis","Eudocimus ruber","Threskiornithidae","Pelecaniformes"
"Roseate Spoonbill","Platalea ajaja","Threskiornithidae","Pelecaniformes"
"White-faced Ibis","Plegadis chihi","Threskiornithidae","Pelecaniformes"
"Glossy Ibis","Plegadis falcinellus","Threskiornithidae","Pelecaniformes"
"Red-billed Tropicbird","Phaethon aethereus","Phaethontidae","Phaethontiformes"
"White-tailed Tropicbird","Phaethon lepturus","Phaethontidae","Phaethontiformes"
"Red-tailed Tropicbird","Phaethon rubricauda","Phaethontidae","Phaethontiformes"
"American Flamingo","Phoenicopterus ruber","Phoenicopteridae","Phoenicopteriformes"
"Ivory-billed Woodpecker","Campephilus principalis","Picidae","Piciformes"
"Northern Flicker","Colaptes auratus","Picidae","Piciformes"
"Gilded Flicker","Colaptes chrysoides","Picidae","Piciformes"
"Great Spotted Woodpecker","Dendrocopos major","Picidae","Piciformes"
"White-headed Woodpecker","Dryobates albolarvatus","Picidae","Piciformes"
"Arizona Woodpecker","Dryobates arizonae","Picidae","Piciformes"
"Red-cockaded Woodpecker","Dryobates borealis","Picidae","Piciformes"
"Nuttall's Woodpecker","Dryobates nuttallii","Picidae","Piciformes"
"Downy Woodpecker","Dryobates pubescens","Picidae","Piciformes"
"Ladder-backed Woodpecker","Dryobates scalaris","Picidae","Piciformes"
"Hairy Woodpecker","Dryobates villosus","Picidae","Piciformes"
"Pileated Woodpecker","Dryocopus pileatus","Picidae","Piciformes"
"Eurasian Wryneck","Jynx torquilla","Picidae","Piciformes"
"Golden-fronted Woodpecker","Melanerpes aurifrons","Picidae","Piciformes"
"Red-bellied Woodpecker","Melanerpes carolinus","Picidae","Piciformes"
"Red-headed Woodpecker","Melanerpes erythrocephalus","Picidae","Piciformes"
"Acorn Woodpecker","Melanerpes formicivorus","Picidae","Piciformes"
"Lewis's Woodpecker","Melanerpes lewis","Picidae","Piciformes"
"Gila Woodpecker","Melanerpes uropygialis","Picidae","Piciformes"
"Black-backed Woodpecker","Picoides arcticus","Picidae","Piciformes"
"American Three-toed Woodpecker","Picoides dorsalis","Picidae","Piciformes"
"Red-naped Sapsucker","Sphyrapicus nuchalis","Picidae","Piciformes"
"Red-breasted Sapsucker","Sphyrapicus ruber","Picidae","Piciformes"
"Williamson's Sapsucker","Sphyrapicus thyroideus","Picidae","Piciformes"
"Yellow-bellied Sapsucker","Sphyrapicus varius","Picidae","Piciformes"
"Clark's Grebe","Aechmophorus clarkii","Podicipedidae","Podicipediformes"
"Western Grebe","Aechmophorus occidentalis","Podicipedidae","Podicipediformes"
"Horned Grebe","Podiceps auritus","Podicipedidae","Podicipediformes"
"Red-necked Grebe","Podiceps grisegena","Podicipedidae","Podicipediformes"
"Eared Grebe","Podiceps nigricollis","Podicipedidae","Podicipediformes"
"Pied-billed Grebe","Podilymbus podiceps","Podicipedidae","Podicipediformes"
"Least Grebe","Tachybaptus dominicus","Podicipedidae","Podicipediformes"
"Wandering Albatross","Diomedea exulans","Diomedeidae","Procellariiformes"
"Short-tailed Albatross","Phoebastria albatrus","Diomedeidae","Procellariiformes"
"Laysan Albatross","Phoebastria immutabilis","Diomedeidae","Procellariiformes"
"Black-footed Albatross","Phoebastria nigripes","Diomedeidae","Procellariiformes"
"Light-mantled Albatross","Phoebetria palpebrata","Diomedeidae","Procellariiformes"
"White-capped Albatross","Thalassarche cauta","Diomedeidae","Procellariiformes"
"Yellow-nosed Albatross","Thalassarche chlororhynchos","Diomedeidae","Procellariiformes"
"Chatham Albatross","Thalassarche eremita","Diomedeidae","Procellariiformes"
"Black-browed Albatross","Thalassarche melanophris","Diomedeidae","Procellariiformes"
"Salvin's Albatross","Thalassarche salvini","Diomedeidae","Procellariiformes"
"European Storm-Petrel","Hydrobates pelagicus","Hydrobatidae","Procellariiformes"
"Band-rumped Storm-Petrel","Oceanodroma castro","Hydrobatidae","Procellariiformes"
"Fork-tailed Storm-Petrel","Oceanodroma furcata","Hydrobatidae","Procellariiformes"
"Ashy Storm-Petrel","Oceanodroma homochroa","Hydrobatidae","Procellariiformes"
"Ringed Storm-Petrel","Oceanodroma hornbyi","Hydrobatidae","Procellariiformes"
"Leach's Storm-Petrel","Oceanodroma leucorhoa","Hydrobatidae","Procellariiformes"
"Black Storm-Petrel","Oceanodroma melania","Hydrobatidae","Procellariiformes"
"Least Storm-Petrel","Oceanodroma microsoma","Hydrobatidae","Procellariiformes"
"Swinhoe's Storm-Petrel","Oceanodroma monorhis","Hydrobatidae","Procellariiformes"
"Townsend's Storm-Petrel","Oceanodroma socorroensis","Hydrobatidae","Procellariiformes"
"Wedge-rumped Storm-Petrel","Oceanodroma tethys","Hydrobatidae","Procellariiformes"
"Tristram's Storm-Petrel","Oceanodroma tristrami","Hydrobatidae","Procellariiformes"
"Black-bellied Storm-Petrel","Fregetta tropica","Oceanitidae","Procellariiformes"
"Wilson's Storm-Petrel","Oceanites oceanicus","Oceanitidae","Procellariiformes"
"White-faced Storm-Petrel","Pelagodroma marina","Oceanitidae","Procellariiformes"
"Buller's Shearwater","Ardenna bulleri","Procellariidae","Procellariiformes"
"Flesh-footed Shearwater","Ardenna carneipes","Procellariidae","Procellariiformes"
"Pink-footed Shearwater","Ardenna creatopus","Procellariidae","Procellariiformes"
"Great Shearwater","Ardenna gravis","Procellariidae","Procellariiformes"
"Sooty Shearwater","Ardenna grisea","Procellariidae","Procellariiformes"
"Wedge-tailed Shearwater","Ardenna pacifica","Procellariidae","Procellariiformes"
"Short-tailed Shearwater","Ardenna tenuirostris","Procellariidae","Procellariiformes"
"Bulwer's Petrel","Bulweria bulwerii","Procellariidae","Procellariiformes"
"Jouanin's Petrel","Bulweria fallax","Procellariidae","Procellariiformes"
"Cory's Shearwater","Calonectris diomedea","Procellariidae","Procellariiformes"
"Cape Verde Shearwater","Calonectris edwardsii","Procellariidae","Procellariiformes"
"Streaked Shearwater","Calonectris leucomelas","Procellariidae","Procellariiformes"
"Northern Fulmar","Fulmarus glacialis","Procellariidae","Procellariiformes"
"White-chinned Petrel","Procellaria aequinoctialis","Procellariidae","Procellariiformes"
"Parkinson's Petrel","Procellaria parkinsoni","Procellariidae","Procellariiformes"
"Tahiti Petrel","Pseudobulweria rostrata","Procellariidae","Procellariiformes"
"Trindade Petrel","Pterodroma arminjoniana","Procellariidae","Procellariiformes"
"Bermuda Petrel","Pterodroma cahow","Procellariidae","Procellariiformes"
"White-necked Petrel","Pterodroma cervicalis","Procellariidae","Procellariiformes"
"Cook's Petrel","Pterodroma cookii","Procellariidae","Procellariiformes"
"Juan Fernandez Petrel","Pterodroma externa","Procellariidae","Procellariiformes"
"Fea's Petrel","Pterodroma feae","Procellariidae","Procellariiformes"
"Gray-faced Petrel","Pterodroma gouldi","Procellariidae","Procellariiformes"
"Black-capped Petrel","Pterodroma hasitata","Procellariidae","Procellariiformes"
"Herald Petrel","Pterodroma heraldica","Procellariidae","Procellariiformes"
"Bonin Petrel","Pterodroma hypoleuca","Procellariidae","Procellariiformes"
"Mottled Petrel","Pterodroma inexpectata","Procellariidae","Procellariiformes"
"Stejneger's Petrel","Pterodroma longirostris","Procellariidae","Procellariiformes"
"Zino's Petrel","Pterodroma madeira","Procellariidae","Procellariiformes"
"Kermadec Petrel","Pterodroma neglecta","Procellariidae","Procellariiformes"
"Black-winged Petrel","Pterodroma nigripennis","Procellariidae","Procellariiformes"
"Hawaiian Petrel","Pterodroma sandwichensis","Procellariidae","Procellariiformes"
"Providence Petrel","Pterodroma solandri","Procellariidae","Procellariiformes"
"Murphy's Petrel","Pterodroma ultima","Procellariidae","Procellariiformes"
"Barolo Shearwater","Puffinus baroli","Procellariidae","Procellariiformes"
"Bryan's Shearwater","Puffinus bryani","Procellariidae","Procellariiformes"
"Audubon's Shearwater","Puffinus lherminieri","Procellariidae","Procellariiformes"
"Christmas Shearwater","Puffinus nativitatis","Procellariidae","Procellariiformes"
"Newell's Shearwater","Puffinus newelli","Procellariidae","Procellariiformes"
"Black-vented Shearwater","Puffinus opisthomelas","Procellariidae","Procellariiformes"
"Manx Shearwater","Puffinus puffinus","Procellariidae","Procellariiformes"
"Red-crowned Parrot","Amazona viridigenalis","Psittacidae","Psittaciformes"
"Nanday Parakeet","Aratinga nenday","Psittacidae","Psittaciformes"
"Yellow-chevroned Parakeet","Brotogeris chiriri","Psittacidae","Psittaciformes"
"White-winged Parakeet","Brotogeris versicolurus","Psittacidae","Psittaciformes"
"Carolina Parakeet","Conuropsis carolinensis","Psittacidae","Psittaciformes"
"Monk Parakeet","Myiopsitta monachus","Psittacidae","Psittaciformes"
"Green Parakeet","Psittacara holochlorus","Psittacidae","Psittaciformes"
"Thick-billed Parrot","Rhynchopsitta pachyrhyncha","Psittacidae","Psittaciformes"
"Rosy-faced Lovebird","Agapornis roseicollis","Psittaculidae","Psittaciformes"
"Rose-ringed Parakeet","Psittacula krameri","Psittaculidae","Psittaciformes"
"Chestnut-bellied Sandgrouse","Pterocles exustus","Pteroclidae","Pterocliformes"
"Northern Saw-whet Owl","Aegolius acadicus","Strigidae","Strigiformes"
"Boreal Owl","Aegolius funereus","Strigidae","Strigiformes"
"Short-eared Owl","Asio flammeus","Strigidae","Strigiformes"
"Long-eared Owl","Asio otus","Strigidae","Strigiformes"
"Stygian Owl","Asio stygius","Strigidae","Strigiformes"
"Burrowing Owl","Athene cunicularia","Strigidae","Strigiformes"
"Snowy Owl","Bubo scandiacus","Strigidae","Strigiformes"
"Great Horned Owl","Bubo virginianus","Strigidae","Strigiformes"
"Mottled Owl","Ciccaba virgata","Strigidae","Strigiformes"
"Ferruginous Pygmy-Owl","Glaucidium brasilianum","Strigidae","Strigiformes"
"Northern Pygmy-Owl","Glaucidium gnoma","Strigidae","Strigiformes"
"Eastern Screech-Owl","Megascops asio","Strigidae","Strigiformes"
"Western Screech-Owl","Megascops kennicottii","Strigidae","Strigiformes"
"Whiskered Screech-Owl","Megascops trichopsis","Strigidae","Strigiformes"
"Elf Owl","Micrathene whitneyi","Strigidae","Strigiformes"
"Northern Boobook","Ninox japonica","Strigidae","Strigiformes"
"Oriental Scops-Owl","Otus sunia","Strigidae","Strigiformes"
"Flammulated Owl","Psiloscops flammeolus","Strigidae","Strigiformes"
"Great Gray Owl","Strix nebulosa","Strigidae","Strigiformes"
"Spotted Owl","Strix occidentalis","Strigidae","Strigiformes"
"Barred Owl","Strix varia","Strigidae","Strigiformes"
"Northern Hawk Owl","Surnia ulula","Strigidae","Strigiformes"
"Barn Owl","Tyto alba","Tytonidae","Strigiformes"
"Anhinga","Anhinga anhinga","Anhingidae","Suliformes"
"Lesser Frigatebird","Fregata ariel","Fregatidae","Suliformes"
"Magnificent Frigatebird","Fregata magnificens","Fregatidae","Suliformes"
"Great Frigatebird","Fregata minor","Fregatidae","Suliformes"
"Double-crested Cormorant","Phalacrocorax auritus","Phalacrocoracidae","Suliformes"
"Neotropic Cormorant","Phalacrocorax brasilianus","Phalacrocoracidae","Suliformes"
"Great Cormorant","Phalacrocorax carbo","Phalacrocoracidae","Suliformes"
"Pelagic Cormorant","Phalacrocorax pelagicus","Phalacrocoracidae","Suliformes"
"Brandt's Cormorant","Phalacrocorax penicillatus","Phalacrocoracidae","Suliformes"
"Red-faced Cormorant","Phalacrocorax urile","Phalacrocoracidae","Suliformes"
"Northern Gannet","Morus bassanus","Sulidae","Suliformes"
"Masked Booby","Sula dactylatra","Sulidae","Suliformes"
"Nazca Booby","Sula granti","Sulidae","Suliformes"
"Brown Booby","Sula leucogaster","Sulidae","Suliformes"
"Blue-footed Booby","Sula nebouxii","Sulidae","Suliformes"
"Red-footed Booby","Sula sula","Sulidae","Suliformes"
"Eared Quetzal","Euptilotis neoxenus","Trogonidae","Trogoniformes"
"Elegant Trogon","Trogon elegans","Trogonidae","Trogoniformes"
